number,PR URL
15469,https://github.com/lowRISC/opentitan/pull/15478
15182,https://github.com/lowRISC/opentitan/pull/15192
15155,https://github.com/lowRISC/opentitan/pull/15208
14616,https://github.com/lowRISC/opentitan/pull/14727
14540,https://github.com/lowRISC/opentitan/pull/14575
14556,https://github.com/lowRISC/opentitan/pull/14558
14057,https://github.com/lowRISC/opentitan/pull/14065
13977,https://github.com/lowRISC/opentitan/pull/13955
13808,https://github.com/lowRISC/opentitan/pull/13815
13751,https://github.com/lowRISC/opentitan/pull/13794
13689,https://github.com/lowRISC/opentitan/pull/13691
13641,https://github.com/lowRISC/opentitan/pull/14650
13633,https://github.com/lowRISC/opentitan/pull/13656
13363,https://github.com/lowRISC/opentitan/pull/13365
13354,https://github.com/lowRISC/opentitan/pull/13356
13175,https://github.com/lowRISC/opentitan/pull/13551
13179,https://github.com/lowRISC/opentitan/pull/13208
13076,https://github.com/lowRISC/opentitan/pull/13209
12981,https://github.com/lowRISC/opentitan/pull/12988
12996,https://github.com/lowRISC/opentitan/pull/13018
12921,https://github.com/lowRISC/opentitan/pull/12932
12865,https://github.com/lowRISC/opentitan/pull/13095
12718,https://github.com/lowRISC/opentitan/pull/12784
12500,https://github.com/lowRISC/opentitan/pull/12613
12502,https://github.com/lowRISC/opentitan/pull/12505
12382,https://github.com/lowRISC/opentitan/pull/12384
12388,https://github.com/lowRISC/opentitan/pull/12425
12342,https://github.com/lowRISC/opentitan/pull/12355
12284,https://github.com/lowRISC/opentitan/pull/13950
12268,https://github.com/lowRISC/opentitan/pull/12266
12164,https://github.com/lowRISC/opentitan/pull/12264
12122,https://github.com/lowRISC/opentitan/pull/12234
12021,https://github.com/lowRISC/opentitan/pull/12026
11883,https://github.com/lowRISC/opentitan/pull/11890
11768,https://github.com/lowRISC/opentitan/pull/11950
11670,https://github.com/lowRISC/opentitan/pull/11717
11565,https://github.com/lowRISC/opentitan/pull/11575
11431,https://github.com/lowRISC/opentitan/pull/11667
11447,https://github.com/lowRISC/opentitan/pull/15805
11457,https://github.com/lowRISC/opentitan/pull/11551
11293,https://github.com/lowRISC/opentitan/pull/11514
11256,https://github.com/lowRISC/opentitan/pull/11267
11266,https://github.com/lowRISC/opentitan/pull/11274
11235,https://github.com/lowRISC/opentitan/pull/11238
11166,https://github.com/lowRISC/opentitan/pull/11254
11142,https://github.com/lowRISC/opentitan/pull/11151
11091,https://github.com/lowRISC/opentitan/pull/11404
11095,https://github.com/lowRISC/opentitan/pull/11325
11035,https://github.com/lowRISC/opentitan/pull/11042
10933,https://github.com/lowRISC/opentitan/pull/15240
10879,https://github.com/lowRISC/opentitan/pull/10948
10901,https://github.com/lowRISC/opentitan/pull/11158
10843,https://github.com/lowRISC/opentitan/pull/10946
10818,https://github.com/lowRISC/opentitan/pull/10820
10748,https://github.com/lowRISC/opentitan/pull/10759
10765,https://github.com/lowRISC/opentitan/pull/11101
10678,https://github.com/lowRISC/opentitan/pull/10833
10682,https://github.com/lowRISC/opentitan/pull/10732
10516,https://github.com/lowRISC/opentitan/pull/10517
10518,https://github.com/lowRISC/opentitan/pull/10578
10252,https://github.com/lowRISC/opentitan/pull/10267
10188,https://github.com/lowRISC/opentitan/pull/10208
10138,https://github.com/lowRISC/opentitan/pull/10636
10144,https://github.com/lowRISC/opentitan/pull/10636
10153,https://github.com/lowRISC/opentitan/pull/10161
9911,https://github.com/lowRISC/opentitan/pull/10012
9890,https://github.com/lowRISC/opentitan/pull/9892
9842,https://github.com/lowRISC/opentitan/pull/10001
9536,https://github.com/lowRISC/opentitan/pull/9539
9538,https://github.com/lowRISC/opentitan/pull/9462
9528,https://github.com/lowRISC/opentitan/pull/11464
9312,https://github.com/lowRISC/opentitan/pull/9343
9064,https://github.com/lowRISC/opentitan/pull/9213
8978,https://github.com/lowRISC/opentitan/pull/8986
8703,https://github.com/lowRISC/opentitan/pull/8784
8643,https://github.com/lowRISC/opentitan/pull/8670
8645,https://github.com/lowRISC/opentitan/pull/8741
8405,https://github.com/lowRISC/opentitan/pull/8414
8354,https://github.com/lowRISC/opentitan/pull/8423
8360,https://github.com/lowRISC/opentitan/pull/8366
8256,https://github.com/lowRISC/opentitan/pull/8302
8187,https://github.com/lowRISC/opentitan/pull/8211
8139,https://github.com/lowRISC/opentitan/pull/8212
8112,https://github.com/lowRISC/opentitan/pull/8113
8116,https://github.com/lowRISC/opentitan/pull/8118
8049,https://github.com/lowRISC/opentitan/pull/13428
8053,https://github.com/lowRISC/opentitan/pull/8099
8055,https://github.com/lowRISC/opentitan/pull/8099
7998,https://github.com/lowRISC/opentitan/pull/7999
7918,https://github.com/lowRISC/opentitan/pull/8167
7902,https://github.com/lowRISC/opentitan/pull/7940
7905,https://github.com/lowRISC/opentitan/pull/7906
7909,https://github.com/lowRISC/opentitan/pull/7927
7802,https://github.com/lowRISC/opentitan/pull/7830
7764,https://github.com/lowRISC/opentitan/pull/7869
7745,https://github.com/lowRISC/opentitan/pull/7746
7639,https://github.com/lowRISC/opentitan/pull/7683
7579,https://github.com/lowRISC/opentitan/pull/7601
7375,https://github.com/lowRISC/opentitan/pull/7386
7376,https://github.com/lowRISC/opentitan/pull/7384
7393,https://github.com/lowRISC/opentitan/pull/7411
7294,https://github.com/lowRISC/opentitan/pull/7300
7286,https://github.com/lowRISC/opentitan/pull/7302
7251,https://github.com/lowRISC/opentitan/pull/7252
7241,https://github.com/lowRISC/opentitan/pull/7243
7052,https://github.com/lowRISC/opentitan/pull/7122
7056,https://github.com/lowRISC/opentitan/pull/7069
7041,https://github.com/lowRISC/opentitan/pull/7029
6937,https://github.com/lowRISC/opentitan/pull/7014
6842,https://github.com/lowRISC/opentitan/pull/7262
6819,https://github.com/lowRISC/opentitan/pull/7034
6718,https://github.com/lowRISC/opentitan/pull/6721
6605,https://github.com/lowRISC/opentitan/pull/6607
6575,https://github.com/lowRISC/opentitan/pull/6574
6537,https://github.com/lowRISC/opentitan/pull/6538
6526,https://github.com/lowRISC/opentitan/pull/6786
6504,https://github.com/lowRISC/opentitan/pull/8921
6505,https://github.com/lowRISC/opentitan/pull/6511
6516,https://github.com/lowRISC/opentitan/pull/6523
6494,https://github.com/lowRISC/opentitan/pull/6498
6497,https://github.com/lowRISC/opentitan/pull/7377
6418,https://github.com/lowRISC/opentitan/pull/6555
6345,https://github.com/lowRISC/opentitan/pull/6361
5870,https://github.com/lowRISC/opentitan/pull/5873
5774,https://github.com/lowRISC/opentitan/pull/5780
5790,https://github.com/lowRISC/opentitan/pull/5811
5655,https://github.com/lowRISC/opentitan/pull/5678
5589,https://github.com/lowRISC/opentitan/pull/5594
5573,https://github.com/lowRISC/opentitan/pull/5577
5175,https://github.com/lowRISC/opentitan/pull/5176/
5124,https://github.com/lowRISC/opentitan/pull/5125
5132,https://github.com/lowRISC/opentitan/pull/5148
4941,https://github.com/lowRISC/opentitan/pull/5721
4899,https://github.com/lowRISC/opentitan/pull/5721
4852,https://github.com/lowRISC/opentitan/pull/4859
4825,https://github.com/lowRISC/opentitan/pull/4858
4817,https://github.com/lowRISC/opentitan/pull/4818
4799,https://github.com/lowRISC/opentitan/pull/4801
4721,https://github.com/lowRISC/opentitan/pull/4809
4722,https://github.com/lowRISC/opentitan/pull/4723
4694,https://github.com/lowRISC/opentitan/pull/10703
4680,https://github.com/lowRISC/opentitan/pull/4755
4665,https://github.com/lowRISC/opentitan/pull/4683
4586,https://github.com/lowRISC/opentitan/pull/4587
4556,https://github.com/lowRISC/opentitan/pull/4559
4564,https://github.com/lowRISC/opentitan/pull/4755
4411,https://github.com/lowRISC/opentitan/pull/4420
4417,https://github.com/lowRISC/opentitan/pull/4420
4363,https://github.com/lowRISC/opentitan/pull/4382
4292,https://github.com/lowRISC/opentitan/pull/4439
4199,https://github.com/lowRISC/opentitan/pull/4214
4168,https://github.com/lowRISC/opentitan/pull/4171
4049,https://github.com/lowRISC/opentitan/pull/4065
3910,https://github.com/lowRISC/opentitan/pull/3911
3797,https://github.com/lowRISC/opentitan/pull/3843
3784,https://github.com/lowRISC/opentitan/pull/3785
3740,https://github.com/lowRISC/opentitan/pull/3742
3719,https://github.com/lowRISC/opentitan/pull/3742
3624,https://github.com/lowRISC/opentitan/pull/3627
3533,https://github.com/lowRISC/opentitan/pull/3535
3236,https://github.com/lowRISC/opentitan/pull/3237
2995,https://github.com/lowRISC/opentitan/pull/2996
2848,https://github.com/lowRISC/opentitan/pull/13854
2755,https://github.com/lowRISC/opentitan/pull/2762
2754,https://github.com/lowRISC/opentitan/pull/2760
1621,https://github.com/lowRISC/opentitan/pull/1729
991,https://github.com/lowRISC/opentitan/pull/1014
979,https://github.com/lowRISC/opentitan/pull/1033
822,https://github.com/lowRISC/opentitan/pull/829
273,https://github.com/lowRISC/opentitan/pull/284
